{"cameraMode":{"drawMode":0,"name":"Shaded","section":"Shading Mode"},"sceneLighting":false,"audioPlay":false,"sceneViewState":{"m_AlwaysRefresh":false,"showFog":true,"showSkybox":false,"showFlares":true,"showImageEffects":true,"showParticleSystems":true,"showVisualEffectGraphs":true,"m_FxEnabled":false},"in2DMode":false,"pivot":{"x":1.1322524547576905,"y":1.1322253942489625,"z":-4.226305961608887},"rotation":{"x":-0.0007725469768047333,"y":0.9991476535797119,"z":-0.034793440252542499,"w":-0.022184038534760476},"size":0.00014152919175103307,"orthographic":false}