{"cameraMode":{"drawMode":0,"name":"Shaded","section":"Shading Mode"},"sceneLighting":false,"audioPlay":false,"sceneViewState":{"m_AlwaysRefresh":false,"showFog":true,"showSkybox":false,"showFlares":true,"showImageEffects":true,"showParticleSystems":true,"showVisualEffectGraphs":true,"m_FxEnabled":false},"in2DMode":false,"pivot":{"x":1.1164406538009644,"y":0.8683903813362122,"z":-4.446725845336914},"rotation":{"x":-0.25047868490219118,"y":-0.38119804859161379,"z":0.10809203237295151,"w":-0.8833263516426086},"size":1.2531318664550782,"orthographic":false}